stage,blunders,inaccuracies,mistakes
endgame,3.0,3.5,1.0
middlegame,1.4285714285714286,3.142857142857143,4.857142857142857
opening,0.3333333333333333,1.0,0.5555555555555556
